{"_runtime":2,"valid_0_binary_logloss":{"min":0.3591271938152881},"_timestamp":1.752216109547673e+09,"iteration":296,"_step":296,"_wandb":{"runtime":2}}